DataLine,Pos = 1005
0.0,1783.539534
4.307984341,1785.72065
8.615968683,1787.6972870000002
12.92395302,1789.196804
17.23193737,1789.264964
21.53992171,1788.651525
25.84790605,1787.901766
30.15589039,1788.038086
34.46387473,1787.492807
38.77185907,1785.3798510000001
43.07984341,1780.813139
47.38782775,1773.4518719999999
51.695812100000005,1766.0224460000002
56.00379644,1765.0000469999998
60.31178078,1763.159731
64.61976512,1759.751737
68.92774946,1759.138298
73.2357338,1759.8880570000001
77.54371814,1761.1830940000002
81.85170248,1762.614452
86.15968683,1764.045809
90.46767117,1765.4771670000002
94.77565551,1766.363245
99.08363985,1765.954286
103.39162420000001,1764.9318879999998
107.6996085,1764.3866079999998
112.0075929,1763.977649
116.3155772,1763.29605
120.62356159999999,1761.864693
124.9315459,1760.6378149999998
129.23953020000002,1760.024376
133.5475146,1760.569655
137.85549890000001,1758.661179
142.16348330000002,1756.4119030000002
146.4714676,1755.593984
150.7794519,1750.7546329999998
155.0874363,1743.8704850000001
159.3954206,1735.6913
163.703405,1726.285237
168.01138930000002,1721.3095649999998
172.3193737,1723.831481
176.62735800000002,1722.468283
180.93534230000003,1713.948299
185.2433267,1697.8625670000001
189.551311,1686.2753879999998
193.8592954,1642.107787
198.16727969999997,1560.656732
202.47526399999998,1535.369418
206.78324840000002,1527.0539119999999
211.0912327,1522.0100810000001
215.39921710000002,1515.671213
219.7072014,1508.650745
224.0151857,1501.902917
228.3231701,1497.404365
232.6311544,1493.6555720000001
236.93913880000002,1490.6565369999998
241.2471231,1489.702299
245.55510750000002,1489.906779
249.8630918,1490.5202179999999
254.1710761,1490.247578
258.4790605,1489.702299
262.78704480000005,1489.702299
267.0950292,1490.383898
271.4030135,1490.5202179999999
275.71099780000003,1490.179418
280.0189822,1489.906779
284.3269665,1489.702299
288.6349509,1489.42966
292.9429352,1489.29334
297.2509195,1489.565979
301.55890389999996,1490.043099
305.86688819999995,1490.111258
310.1748726,1490.588378
314.48285689999994,1490.929177
318.7908413,1490.043099
323.0988256,1486.703264
327.4068099,1483.9768689999999
331.7147943,1483.77239
336.02277860000004,1484.0450289999999
340.330763,1484.726628
344.63874730000003,1486.021666
348.9467316,1487.248544
353.25471600000003,1488.202782
357.5627003,1488.95254
361.8706847,1490.179418
366.178669,1491.269976
370.4866533,1491.951575
374.7946377,1493.246613
379.102622,1494.67797
383.4106064,1496.041168
387.7185907,1496.790926
392.0265751,1497.131726
396.33455939999993,1497.404365
400.6425437,1497.472525
404.95052810000004,1498.426764
409.2585124,1500.062601
413.56649680000004,1502.516356
417.8744811,1504.697472
422.1824654,1506.537789
426.49044979999996,1508.173626
430.7984341,1509.809463
435.10641849999996,1511.37714
439.4144028,1512.876658
443.72238710000005,1514.444335
448.0303715,1516.0801720000002
452.33835580000004,1517.920489
456.6463402,1519.624486
460.9543245,1521.260323
465.2623089,1523.03248
469.5702932,1524.736477
473.8782775,1526.440473
478.1862619,1527.939991
482.4942462,1529.575828
486.8022306,1531.211665
491.1102149,1532.779342
495.41819919999995,1534.4833390000001
499.7261836,1536.119176
504.03416789999994,1537.7550130000002
508.3421523,1539.45901
512.6501366,1541.231167
516.958121,1543.003324
521.2661053,1544.97996
525.5740896000001,1546.8884369999998
529.882074,1548.660594
534.1900583,1550.70539
538.4980427,1552.613867
542.806027,1554.454183
547.1140113,1556.22634
551.4219957,1558.202977
555.72998,1560.247773
560.0379644,1562.15625
564.3459487000001,1564.1328859999999
568.653933,1566.041363
572.9619174,1567.949839
577.2699017000001,1569.858316
581.5778861,1571.766793
585.8858704,1573.6752689999998
590.1938547999999,1575.515586
594.5018391,1577.4240619999998
598.8098234,1579.468859
603.1178077999999,1581.309175
607.4257921,1583.217652
611.7337765,1585.057969
616.0417607999999,1587.034605
620.3497451000001,1588.943082
624.6577295,1590.783399
628.9657137999999,1592.760035
633.2736982000001,1594.668512
637.5816825,1596.781468
641.8896668,1598.826264
646.1976512,1600.666581
650.5056355,1602.506898
654.8136199,1604.3472140000001
659.1216042000001,1606.119371
663.4295886,1607.8915279999999
667.7375728999999,1609.731845
672.0455572000001,1611.367682
676.3535416,1613.207999
680.6615259,1614.843836
684.9695102999999,1616.547833
689.2774946000001,1618.319989
693.5854789,1620.3647859999999
697.8934632999999,1622.477742
702.2014475999999,1624.658858
706.5094320000001,1628.271332
710.8174163,1631.611166
715.1254006,1634.337561
719.4333849999999,1637.404755
723.7413693,1640.26747
728.0493537000001,1642.653066
732.357338,1644.697862
736.6653223999999,1646.878978
740.9733067000001,1649.469054
745.281291,1652.263609
749.5892754,1654.6492039999998
753.8972597000001,1656.8303210000001
758.2052441000001,1659.352236
762.5132284,1662.1467910000001
766.8212127,1664.736866
771.1291970999999,1666.986142
775.4371814,1669.576218
779.7451658,1672.507093
784.0531501,1675.574287
788.3611344999999,1678.437002
792.6691187999999,1681.299717
796.9771031,1684.571391
801.2850875,1689.819702
805.5930718,1696.56753
809.9010562000001,1704.065116
814.2090405,1709.654226
818.5170248,1714.425418
822.8250092000001,1719.2647690000001
827.1329935,1724.3086
831.4409779,1729.216111
835.7489622,1734.123623
840.0569465,1739.167454
844.3649309,1745.710802
848.6729152,1754.5034260000002
852.9808995999999,1760.1606960000001
857.2888839,1764.522928
861.5968683,1768.612521
865.9048526,1771.8841949999999
870.2128369,1775.9056280000002
874.5208213,1781.426578
878.8288056,1787.288328
883.13679,1799.557106
887.4447742999998,1820.277709
891.7527586000001,1840.657512
896.060743,1858.8562
900.3687273,1872.624495
904.6767117,1879.985762
908.9846960000001,1884.9614329999997
913.2926802999999,1889.596305
917.6006647,1894.503816
921.908649,1899.479487
926.2166333999999,1904.046199
930.5246177000001,1907.726832
934.8326020999999,1910.5895469999998
939.1405864,1913.179623
943.4485707,1916.314977
947.7565551000001,1919.7229710000001
952.0645394,1923.335445
956.3725238,1927.561357
960.6805081,1932.468868
964.9884924,1936.8992600000001
969.2964767999999,1939.8301350000002
973.6044611,1941.670452
977.9124455,1943.442609
982.2204298,1945.828204
986.5284141000001,1948.2138
990.8363985,1950.872035
995.1443828,1953.6665899999998
999.4523672,1956.256666
1003.760352,1958.983061
1008.0683359999999,1961.8457760000001
1012.37632,1966.071688
1016.6843050000001,1970.2976010000002
1020.992289,1973.841914
1025.300273,1976.7046289999998
1029.608258,1979.3628640000002
1033.916242,1981.95294
1038.224226,1984.338536
1042.532211,1986.247012
1046.840195,1987.54205
1051.1481789999998,1988.905247
1055.4561640000002,1990.132125
1059.764148,1991.359003
1064.072132,1993.3356399999998
1068.380117,1994.971477
1072.688101,1996.0620350000002
1076.996085,1997.2889120000002
1081.30407,1998.58395
1085.612054,1999.6745079999998
1089.920038,2000.696906
1094.2280230000001,2001.719305
1098.536007,2002.6053829999998
1102.843991,2003.627781
1107.1519759999999,2004.1049
1111.45996,2004.37754
1115.767944,2005.3317780000002
1120.0759289999999,2006.286016
1124.3839130000001,2007.2402550000002
1128.6918970000002,2008.2626530000002
1132.999882,2009.216891
1137.307866,2009.76217
1141.61585,2009.4213710000001
1145.923835,2008.807932
1150.2318189999999,2008.671612
1154.539803,2009.1487309999998
1158.847788,2007.7173739999998
1163.155772,2004.37754
1167.463756,1999.129229
1171.771741,1994.221718
1176.079725,1989.927646
1180.38771,1986.3151719999998
1184.695694,1980.044463
1189.003678,1945.9645239999998
1193.3116630000002,1861.446275
1197.619647,1715.311496
1201.927631,1618.660789
1206.235616,1613.1398390000002
1210.5436,1611.163202
1214.851584,1609.868164
1219.159569,1609.050246
1223.467553,1606.119371
1227.775537,1603.5292960000002
1232.0835220000001,1601.961619
1236.3915060000002,1601.552659
1240.69949,1600.734741
1245.007475,1599.439703
1249.315459,1599.030744
1253.623443,1598.2809849999999
1257.9314279999999,1597.326747
1262.239412,1597.122267
1266.5473960000002,1596.168029
1270.855381,1594.600352
1275.163365,1593.305314
1279.471349,1592.487396
1283.779334,1590.578919
1288.0873179999999,1585.739568
1292.395302,1580.900216
1296.7032869999998,1575.515586
1301.011271,1568.904078
1305.319255,1565.359764
1309.62724,1563.4512869999999
1313.935224,1561.2701710000001
1318.243208,1560.588573
1322.551193,1560.247773
1326.859177,1559.0890550000001
1331.1671609999999,1557.725858
1335.475146,1557.112419
1339.78313,1557.044259
1344.091114,1557.112419
1348.399099,1556.56714
1352.707083,1555.612901
1357.015067,1554.9313029999998
1361.323052,1547.229236
1365.631036,1532.506703
1369.9390210000001,1528.757909
1374.2470050000002,1528.076311
1378.554989,1527.1220720000001
1382.8629740000001,1527.1220720000001
1387.170958,1526.713113
1391.478942,1525.895194
1395.7869269999999,1525.758875
1400.094911,1525.827035
1404.402895,1525.758875
1408.71088,1524.9409560000001
1413.0188640000001,1524.395677
1417.3268480000002,1524.191198
1421.634833,1523.850398
1425.942817,1522.6235199999999
1430.250801,1520.646884
1434.5587859999998,1519.351846
1438.8667699999999,1516.96625
1443.174754,1513.490097
1447.482739,1509.196024
1451.790723,1505.99251
1456.098707,1503.8113939999998
1460.406692,1502.3118769999999
1464.714676,1500.4034
1469.0226599999999,1498.767563
1473.330645,1498.358604
1477.6386289999998,1496.9272460000002
1481.946613,1495.0869300000002
1486.254598,1493.723732
1490.562582,1492.633174
1494.870566,1491.883415
1499.178551,1491.3381359999998
1503.486535,1490.452058
1507.794519,1489.565979
1512.102504,1489.0207
1516.410488,1487.316703
1520.718472,1484.453988
1525.026457,1481.250474
1529.334441,1479.478317
1533.642425,1478.728559
1537.95041,1478.11512
1542.258394,1476.547443
1546.5663789999999,1474.979765
1550.8743630000001,1473.957367
1555.1823470000002,1473.616568
1559.490332,1472.934969
1563.798316,1472.048891
1568.1063,1471.708091
1572.414285,1471.571772
1576.7222689999999,1471.299132
1581.030253,1471.094652
1585.338238,1470.958333
1589.646222,1470.549373
1593.954206,1469.6632949999998
1598.262191,1468.981696
1602.570175,1468.640897
1606.878159,1468.231937
1611.186144,1467.4821789999999
1615.494128,1466.527941
1619.8021119999999,1466.050821
1624.110097,1465.710022
1628.418081,1465.2329029999999
1632.726065,1464.687624
1637.03405,1463.188106
1641.342034,1461.34779
1645.650018,1459.984592
1649.958003,1459.166674
1654.265987,1458.212435
1658.573971,1456.781078
1662.881956,1455.34972
1667.18994,1453.850203
1671.497924,1451.4646070000001
1675.805909,1441.104306
1680.113893,1431.289283
1684.421877,1426.7225720000001
1688.7298620000001,1424.1324960000002
1693.0378460000002,1422.428499
1697.34583,1421.337941
1701.653815,1420.9289820000001
1705.961799,1420.588183
1710.2697829999997,1420.179223
1714.5777679999999,1419.429465
1718.885752,1418.816026
1723.193737,1418.475226
1727.501721,1418.270747
1731.8097050000001,1417.793628
1736.1176899999998,1417.248349
1740.4256739999998,1417.0438689999999
1744.7336579999999,1417.0438689999999
1749.041643,1417.0438689999999
1753.349627,1417.0438689999999
1757.6576109999999,1417.0438689999999
1761.965596,1416.975709
1766.27358,1416.771229
1770.581564,1416.70307
1774.8895489999998,1416.907549
1779.1975329999998,1417.1801890000002
1783.5055170000003,1417.657308
1787.813502,1418.270747
1792.121486,1419.088665
1796.42947,1419.9747439999999
1800.7374550000002,1420.997142
1805.045439,1421.95138
1809.353423,1422.973778
1813.6614079999997,1423.9961759999999
1817.9693920000002,1424.950415
1822.2773760000002,1425.972813
1826.585361,1427.131531
1830.893345,1427.949449
1835.201329,1428.8355279999998
1839.5093140000001,1429.789766
1843.817298,1430.948484
1848.125282,1432.0390419999999
1852.4332670000001,1432.9932800000001
1856.7412510000001,1434.0156789999999
1861.0492350000002,1435.174397
1865.3572199999999,1436.605754
1869.665204,1438.0371109999999
1873.973188,1439.468469
1878.281173,1440.831666
1882.5891570000001,1441.922224
1886.897141,1443.353582
1891.205126,1444.921259
1895.51311,1446.557096
1899.8210940000001,1448.124773
1904.1290789999998,1449.8287699999998
1908.4370629999999,1451.4646070000001
1912.745048,1453.304924
1917.053032,1454.804441
1921.361016,1456.099479
1925.6690010000002,1457.803476
1929.9769850000002,1459.984592
1934.284969,1462.370188
1938.592954,1463.869705
1942.900938,1465.096583
1947.2089219999998,1466.527941
1951.516907,1468.368257
1955.824891,1470.4130539999999
1960.132875,1472.3215300000002
1964.4408600000002,1473.889207
1968.7488440000002,1475.593204
1973.0568280000002,1477.4335210000002
1977.364813,1478.8648779999999
1981.672797,1480.637035
1985.980781,1482.6136720000002
1990.2887660000001,1484.181349
1994.59675,1486.635105
1998.904734,1489.770459
2003.212719,1492.769494
2007.5207030000001,1494.81429
2011.8286870000002,1496.9272460000002
2016.1366719999999,1499.994441
2020.444656,1502.788996
2024.75264,1505.379071
2029.060625,1507.900987
2033.3686089999999,1510.968181
2037.676593,1513.8308960000002
2041.984578,1515.807532
2046.292562,1518.806567
2050.600546,1522.6235199999999
2054.908531,1527.190232
2059.216515,1531.075345
2063.5244989999997,1534.347019
2067.832484,1536.868935
2072.140468,1538.845571
2076.448452,1541.708286
2080.756437,1545.797879
2085.064421,1548.115315
2089.372406,1549.8874720000001
2093.68039,1551.795948
2097.988374,1555.953701
2102.296359,1559.0890550000001
2106.604343,1560.793052
2110.912327,1563.314968
2115.220312,1566.927441
2119.528296,1571.085194
2123.83628,1574.629507
2128.144265,1577.901182
2132.452249,1581.1728560000001
2136.760233,1584.44453
2141.068218,1587.8525240000001
2145.376202,1590.783399
2149.684186,1592.419236
2153.992171,1594.600352
2158.300155,1597.054107
2162.608139,1598.689944
2166.916124,1600.5984210000001
2171.224108,1602.779537
2175.5320920000004,1604.688014
2179.840077,1606.5964900000001
2184.148061,1608.232327
2188.456045,1609.5273650000001
2192.7640300000003,1611.095042
2197.072014,1612.935359
2201.379998,1614.571196
2205.687983,1616.275193
2209.9959670000003,1617.70655
2214.3039510000003,1618.797109
2218.611936,1620.160306
2222.91992,1621.796143
2227.227904,1623.29566
2231.535889,1624.727018
2235.8438730000003,1625.817576
2240.151857,1626.703654
2244.459842,1627.4534130000002
2248.7678260000002,1628.203172
2253.0758100000003,1629.02109
2257.3837949999997,1629.770849
2261.6917789999998,1630.793247
2265.999764,1631.8838050000002
2270.307748,1632.633564
2274.615732,1633.178843
2278.923717,1633.7922820000001
2283.231701,1633.928602
2287.539685,1633.042523
2291.84767,1631.270366
2296.1556539999997,1629.29373
2300.4636379999997,1629.3618900000001
2304.771623,1631.1340460000001
2309.079607,1634.269401
2313.387591,1636.246037
2317.695576,1637.609235
2322.00356,1639.1087519999999
2326.311544,1640.33563
2330.619529,1641.289868
2334.927513,1642.1759470000002
2339.2354969999997,1642.721226
2343.543482,1643.266505
2347.851466,1644.084423
2352.15945,1644.629702
2356.467435,1645.038662
2360.775419,1645.379461
2365.083403,1645.652101
2369.391388,1646.06106
2373.699372,1646.333699
2378.007356,1646.538179
2382.315341,1646.878978
2386.623325,1647.083458
2390.931309,1647.356098
2395.239294,1647.696897
2399.547278,1647.9695359999998
2403.855262,1648.1058560000001
2408.163247,1648.174016
2412.471231,1648.1058560000001
2416.779215,1647.765057
2421.0872,1647.492417
2425.395184,1647.492417
2429.703168,1646.947138
2434.011153,1646.4700189999999
2438.319137,1646.19738
2442.627121,1645.652101
2446.935106,1645.106822
2451.24309,1644.766022
2455.551075,1644.084423
2459.859059,1643.198345
2464.167043,1642.380426
2468.4750280000003,1641.903307
2472.7830120000003,1641.153549
2477.090996,1639.9266710000002
2481.398981,1638.5634730000002
2485.706965,1635.564439
2490.014949,1632.020125
2494.322934,1630.861407
2498.630918,1629.634529
2502.938902,1627.3170929999999
2507.2468870000002,1623.43198
2511.5548710000003,1618.9334279999998
2515.862855,1615.3209550000001
2520.1708399999998,1614.025917
2524.478824,1612.730879
2528.786808,1611.163202
2533.0947929999998,1609.595525
2537.402777,1608.164168
2541.710761,1606.5964900000001
2546.018746,1605.096973
2550.32673,1604.006415
2554.6347140000003,1603.052177
2558.9426989999997,1601.825299
2563.2506829999998,1600.8710609999998
2567.5586670000002,1599.8486619999999
2571.866652,1598.621785
2576.1746359999997,1597.6675460000001
2580.4826199999998,1596.781468
2584.790605,1595.4864300000002
2589.098589,1593.509794
2593.406573,1591.669477
2597.7145579999997,1590.306279
2602.022542,1588.874922
2606.330526,1587.170925
2610.638511,1585.4669279999998
2614.946495,1584.10373
2619.2544789999997,1583.2858119999999
2623.562464,1582.876853
2627.870448,1582.467893
2632.178433,1582.058934
2636.486417,1581.445495
2640.794401,1580.559417
2645.102386,1579.605179
2649.41037,1578.7191
2653.718354,1578.173821
2658.026339,1577.764862
2662.334323,1577.4240619999998
2666.642307,1577.015103
2670.950292,1576.7424640000002
2675.258276,1576.333504
2679.56626,1575.9927050000001
2683.874245,1575.583746
2688.182229,1575.106627
2692.490213,1574.152388
2696.798198,1573.40263
2701.106182,1572.3120720000002
2705.414166,1570.948874
2709.722151,1570.1991150000001
2714.030135,1569.790156
2718.338119,1569.313037
2722.646104,1568.6314380000001
2726.954088,1567.949839
2731.262072,1567.0637609999999
2735.570057,1566.586642
2739.878041,1566.245842
2744.186025,1565.7687230000001
2748.4940100000003,1565.4960839999999
2752.801994,1564.9508050000002
2757.109978,1564.1328859999999
2761.417963,1563.723927
2765.725947,1563.110488
2770.033931,1562.292569
2774.341916,1561.8836099999999
2778.6499,1561.474651
2782.957884,1560.929372
2787.2658690000003,1560.315933
2791.5738530000003,1559.770654
2795.881837,1559.293535
2800.189822,1558.8164160000001
2804.497806,1558.202977
2808.80579,1557.4532179999999
2813.113775,1556.56714
2817.421759,1556.021861
2821.729744,1555.612901
2826.0377280000002,1555.203942
2830.3457120000003,1554.5223429999999
2834.6536969999997,1553.840745
2838.9616809999998,1553.363625
2843.269665,1552.954666
2847.57765,1552.477547
2851.885634,1552.0004279999998
2856.193618,1551.386989
2860.501603,1550.432751
2864.809587,1549.4103519999999
2869.117571,1548.456114
2873.4255559999997,1547.5700359999998
2877.7335399999997,1546.752117
2882.0415239999998,1546.070518
2886.349509,1545.661559
2890.657493,1545.18444
2894.9654769999997,1544.298362
2899.273462,1543.548603
2903.581446,1542.935164
2907.88943,1542.117245
2912.1974149999996,1541.163007
2916.5053989999997,1540.2769289999999
2920.8133829999997,1539.6634900000001
2925.121368,1539.050051
2929.429352,1538.504772
2933.737336,1537.618694
2938.045321,1536.800775
2942.353305,1536.187336
2946.661289,1535.1649380000001
2950.969274,1534.14254
2955.2772579999996,1533.120142
2959.585242,1532.0295839999999
2963.893227,1531.211665
2968.201211,1530.6663859999999
2972.509195,1530.189267
2976.81718,1529.575828
2981.125164,1528.826069
2985.433148,1527.8036710000001
2989.741133,1526.713113
2994.049117,1525.690715
2998.357102,1524.872796
3002.665086,1523.918558
3006.97307,1522.89616
3011.281055,1522.282721
3015.589039,1521.669282
3019.897023,1520.5105640000002
3024.205008,1517.920489
3028.5129920000004,1516.0801720000002
3032.820976,1514.9214539999998
3037.128961,1513.967216
3041.436945,1512.126899
3045.744929,1510.286582
3050.052914,1509.264184
3054.360898,1508.105466
3058.668882,1507.014908
3062.9768670000003,1506.0606699999998
3067.2848510000003,1505.038272
3071.592835,1504.220353
3075.90082,1503.675074
3080.208804,1502.925315
3084.516788,1502.243717
3088.824773,1501.834757
3093.132757,1501.153159
3097.440741,1500.53972
3101.7487260000003,1500.26708
3106.0567100000003,1499.926281
3110.3646940000003,1499.449162
3114.672679,1498.6994029999998
3118.980663,1497.677005
3123.288647,1496.859086
3127.596632,1496.313807
3131.904616,1495.7685279999998
3136.2126,1495.291409
3140.520585,1494.9506099999999
3144.8285690000002,1494.81429
3149.1365530000003,1494.81429
3153.4445379999997,1494.81429
3157.7525219999998,1494.81429
3162.060506,1494.88245
3166.368491,1494.88245
3170.676475,1494.67797
3174.98446,1494.60981
3179.292444,1494.74613
3183.600428,1494.81429
3187.908413,1494.9506099999999
3192.2163969999997,1495.01877
3196.5243809999997,1495.155089
3200.832366,1495.291409
3205.14035,1495.359569
3209.448334,1495.495889
3213.756319,1495.6322089999999
3218.064303,1495.7685279999998
3222.372287,1495.9048480000001
3226.680272,1495.973008
3230.988256,1496.177488
3235.2962399999997,1496.313807
3239.604225,1496.5864470000001
3243.912209,1496.790926
3248.220193,1496.995406
3252.528178,1497.540685
3256.836162,1498.290444
3261.144146,1498.972043
3265.452131,1499.244682
3269.760115,1499.3810019999999
3274.0680989999996,1499.5173220000001
3278.376084,1499.585481
3282.684068,1499.789961
3286.992052,1499.858121
3291.300037,1499.994441
3295.608021,1500.13076
3299.916005,1500.26708
3304.22399,1500.33524
3308.531974,1500.47156
3312.839958,1500.60788
3317.147943,1500.67604
3321.455927,1500.812359
3325.763911,1500.880519
3330.071896,1500.9486789999999
3334.37988,1501.0168390000001
3338.687864,1501.084999
3342.995849,1501.084999
3347.303833,1501.153159
3351.611817,1501.153159
3355.9198020000003,1501.153159
3360.227786,1501.153159
3364.5357710000003,1501.084999
3368.843755,1501.084999
3373.151739,1500.67604
3377.4597240000003,1500.26708
3381.767708,1499.994441
3386.0756920000003,1499.789961
3390.3836770000003,1499.244682
3394.691661,1497.813325
3398.9996450000003,1495.973008
3403.30763,1494.4053310000002
3407.6156140000003,1493.928212
3411.923598,1492.9739730000001
3416.231583,1491.678936
3420.5395670000003,1490.111258
3424.847551,1488.679901
3429.1555359999998,1487.453023
3433.4635200000002,1486.362465
3437.771504,1485.476387
3442.079489,1484.249509
3446.3874729999998,1482.545512
3450.695457,1481.591274
3455.003442,1480.841515
3459.3114259999998,1479.887277
3463.6194100000002,1478.25144
3467.927395,1476.6156019999999
3472.2353789999997,1475.184245
3476.543363,1473.343928
3480.8513479999997,1471.708091
3485.159332,1470.4130539999999
3489.4673159999998,1469.254336
3493.7753009999997,1468.231937
3498.083285,1467.345859
3502.3912689999997,1466.527941
3506.699254,1465.710022
3511.007238,1465.096583
3515.3152219999997,1464.5513039999998
3519.623207,1464.142345
3523.9311909999997,1463.937865
3528.239175,1463.937865
3532.54716,1463.324426
3536.8551439999997,1462.847307
3541.163129,1462.506508
3545.471113,1461.893069
3549.779097,1461.07515
3554.087082,1460.1209119999999
3558.3950659999996,1459.166674
3562.70305,1458.348755
3567.011035,1457.735316
3571.3190189999996,1456.917398
3575.627003,1455.895
3579.9349880000004,1455.008921
3584.242972,1454.531802
3588.550956,1453.713883
3592.8589409999995,1452.691485
3597.166925,1451.600927
3601.4749090000005,1450.374049
3605.782894,1448.874532
3610.090878,1447.306855
3614.3988619999996,1446.148137
3618.706847,1445.534698
3623.0148310000004,1445.125739
3627.322815,1444.37598
3631.6308,1443.626221
3635.9387840000004,1442.876463
3640.246768,1442.671983
3644.5547530000003,1442.535663
3648.862737,1442.126704
3653.170721,1441.854065
3657.4787060000003,1441.649585
3661.78669,1441.513265
3666.0946740000004,1441.3087859999998
3670.4026590000003,1441.172466
3674.710643,1440.9679859999999
3679.0186270000004,1440.831666
3683.326612,1440.695347
3687.634596,1440.559027
3691.94258,1440.3545470000001
3696.250565,1440.2863869999999
3700.5585490000003,1440.150068
3704.866533,1440.013748
3709.174518,1439.945588
3713.4825020000003,1439.741108
3717.7904869999998,1439.741108
3722.0984710000002,1439.536629
3726.406455,1439.468469
3730.7144399999997,1439.195829
3735.0224240000002,1439.05951
3739.330408,1438.8550300000002
3743.638393,1438.78687
3747.946377,1438.7187099999999
3752.254361,1438.65055
3756.562346,1438.446071
3760.8703299999997,1438.309751
3765.1783140000002,1438.241591
3769.486299,1438.241591
3773.7942829999997,1438.309751
3778.102267,1438.241591
3782.410252,1438.241591
3786.718236,1438.241591
3791.02622,1438.1734310000002
3795.3342049999997,1438.0371109999999
3799.642189,1438.1734310000002
3803.9501729999997,1438.1734310000002
3808.2581579999996,1438.1734310000002
3812.566142,1438.1734310000002
3816.8741259999997,1437.968952
3821.182111,1437.900792
3825.490095,1437.968952
3829.7980789999997,1438.1734310000002
3834.106064,1438.446071
3838.4140479999996,1438.58239
3842.722032,1438.8550300000002
3847.030017,1439.05951
3851.3380009999996,1439.4003089999999
3855.645985,1439.6729480000001
3859.9539700000005,1440.013748
3864.261954,1440.559027
3868.569938,1441.104306
3872.8779229999996,1441.581425
3877.185907,1441.990384
3881.4938909999996,1442.4675029999999
3885.801876,1443.012783
3890.10986,1443.421742
3894.4178439999996,1443.898861
3898.725829,1444.37598
3903.0338130000005,1444.7849390000001
3907.3417979999995,1445.262058
3911.649782,1445.807338
3915.9577659999995,1446.2162970000002
3920.265751,1446.7615759999999
3924.573735,1447.306855
3928.881719,1447.852134
3933.189704,1448.3974130000001
3937.4976880000004,1449.0108519999999
3941.805672,1449.76061
3946.113657,1450.442209
3950.4216409999995,1451.055648
3954.729625,1451.669087
3959.0376100000003,1452.282526
3963.345594,1452.964125
3967.653578,1453.5775640000002
3971.9615630000003,1454.2591619999998
3976.269547,1454.9407609999998
3980.5775310000004,1455.62236
3984.885516,1456.3721189999999
3989.1935,1456.985558
3993.5014840000003,1457.735316
3997.809469,1458.416915
4002.1174530000003,1459.166674
4006.425437,1459.916432
4010.733422,1460.734351
4015.0414060000003,1461.6204289999998
4019.34939,1462.642827
4023.657375,1463.597066
4027.9653590000003,1464.414984
4032.273343,1465.2329029999999
4036.581328,1466.118981
4040.889312,1467.209539
4045.1972960000003,1468.436417
4049.505281,1469.595135
4053.813265,1470.753853
4058.1212490000003,1471.776251
4062.429234,1473.139449
4066.7372179999998,1474.570806
4071.0452020000002,1476.002164
4075.3531869999997,1477.501681
4079.661171,1479.001198
4083.969156,1480.500716
4088.2771399999997,1482.204713
4092.585124,1484.249509
4096.893109000001,1486.157985
4101.201093,1487.657503
4105.509077000001,1488.884381
4109.817062,1490.111258
4114.125046,1491.133657
4118.43303,1492.224215
4122.741015,1493.519252
4127.048999000001,1495.0869300000002
4131.356983,1496.313807
4135.664968,1497.677005
4139.972952,1499.312842
4144.280936,1500.53972
4148.5889210000005,1501.902917
4152.896905,1503.538754
4157.204889,1504.833792
4161.512874,1505.85619
4165.820858,1507.083068
4170.128842,1509.264184
4174.436827,1511.240821
4178.744811,1512.740338
4183.0527950000005,1514.308015
4187.36078,1516.284652
4191.668764,1518.2612880000001
4195.976748,1520.3742439999999
4200.2847329999995,1522.078241
4204.592717,1523.714078
4208.900701,1525.758875
4213.208686,1528.21263
4217.51667,1530.939025
4221.824654,1534.4151789999999
4226.132639,1536.7326150000001
4230.4406229999995,1538.504772
4234.748607,1540.3450890000001
4239.056592,1542.798844
4243.364576,1545.1162800000002
4247.67256,1546.547638
4251.980545,1548.592434
4256.2885289999995,1550.70539
4260.596514,1552.7501869999999
4264.904498,1557.930337
4269.212482,1564.064726
4273.520467,1568.495118
4277.828450999999,1572.380231
4282.136435,1575.720065
4286.444420000001,1578.173821
4290.752404,1580.286777
4295.060388,1582.604213
4299.368372999999,1585.875887
4303.676357,1588.738602
4307.984340999999,1592.010276
4312.292326,1596.031709
4316.60031,1599.303383
4320.908294,1602.984017
4325.216279,1607.1417689999998
4329.524263,1610.0726439999999
4333.832247,1612.799039
4338.140232,1616.138873
4342.448216,1620.3647859999999
4346.7562,1624.045419
4351.064185,1626.362855
4355.372169,1628.475811
4359.680153,1631.1340460000001
4363.988138000001,1634.201241
4368.296122,1636.654997
4372.604106000001,1638.836113
4376.912090999999,1641.0172289999998
4381.220075,1643.062025
4385.528059,1645.72026
4389.836044,1648.378496
4394.144028,1650.423292
4398.452012,1651.990969
4402.759997,1653.422327
4407.067981,1655.1944839999999
4411.375965,1656.694001
4415.68395,1658.329838
4419.991934000001,1659.965675
4424.299918,1661.124393
4428.607903,1661.942311
4432.915887,1662.8283900000001
4437.223871,1663.8507880000002
4441.5318560000005,1665.009506
4445.83984,1666.3045439999999
4450.147825,1667.190622
4454.455809,1668.894619
4458.763793,1672.0299730000002
4463.071778,1675.165328
4467.379762,1677.482764
4471.6877460000005,1678.300682
4475.995731,1678.914121
4480.303715,1679.4594
4484.611699,1680.004679
4488.919684,1680.8907579999998
4493.2276679999995,1681.299717
4497.5356520000005,1681.231557
4501.843637,1681.095237
4506.151621,1679.7320399999999
4510.459605,1677.619083
4514.7675899999995,1677.482764
4519.075574,1677.7554030000001
4523.3835579999995,1677.891723
4527.691543,1677.891723
4531.999527,1677.9598829999998
4536.307511,1678.096203
4540.615496,1678.300682
4544.9234799999995,1678.7778010000002
4549.231464,1679.186761
4553.539449,1679.7320399999999
4557.847433,1680.1409989999997
4562.155417,1680.481798
4566.463402,1681.027077
4570.771386,1681.7086760000002
4575.07937,1682.5265949999998
4579.387355,1683.140034
4583.695339,1683.753473
4588.003323,1684.3669109999998
4592.311307999999,1684.8440309999999
4596.619292,1685.593789
4600.927275999999,1686.2753879999998
4605.235261,1686.956987
4609.543245000001,1687.911225
4613.851229,1688.8654629999999
4618.159214,1689.615222
4622.467197999999,1690.7739399999998
4626.775183,1692.9550559999998
4631.083167,1695.954091
4635.391151,1697.8625670000001
4639.699136,1698.953125
4644.00712,1699.6347239999998
4648.315104,1700.248163
4652.623089,1700.9297620000002
4656.931073,1701.4068809999999
4661.239057,1701.884
4665.547042,1702.15664
4669.855026,1702.2248
4674.16301,1702.2248
4678.470995000001,1702.2929589999999
4682.778979,1702.0203199999999
4687.086963000001,1699.9755239999997
4691.394948,1697.658088
4695.702932,1696.1585699999998
4700.010915999999,1695.6132910000001
4704.318901,1695.5451309999999
4708.626885000001,1695.749611
4712.934869,1695.6132910000001
4717.242854,1695.5451309999999
4721.550838,1695.5451309999999
4725.858822,1695.749611
4730.166807,1695.954091
4734.474791,1696.022251
4738.782775,1695.8859309999998
4743.09076,1695.954091
4747.398744,1696.1585699999998
4751.706728,1696.29489
4756.0147130000005,1696.36305
4760.322697,1696.36305
4764.630681000001,1696.49937
4768.938666,1696.635689
4773.24665,1696.840169
4777.554634,1697.044649
4781.8626189999995,1697.1809690000002
4786.1706030000005,1697.317288
4790.478587,1697.385448
4794.786572,1697.317288
4799.094556,1697.2491280000002
4803.4025409999995,1697.317288
4807.710525,1696.9764890000001
4812.018509,1696.772009
4816.326494,1696.9083289999999
4820.634478,1696.840169
4824.942462,1696.840169
4829.250446999999,1696.9764890000001
4833.558431,1697.112809
4837.8664149999995,1697.044649
4842.1744,1696.772009
4846.482384,1696.7038489999998
4850.790368,1696.772009
4855.098353,1696.9764890000001
4859.406336999999,1697.112809
4863.714321,1697.044649
4868.022306,1696.840169
4872.33029,1696.772009
4876.638274,1696.840169
4880.946259,1697.044649
4885.254243,1696.9083289999999
4889.562227,1696.635689
4893.870212,1696.36305
4898.178196,1696.56753
4902.48618,1696.7038489999998
4906.794165,1696.772009
4911.102149,1696.9764890000001
4915.410132999999,1697.317288
4919.718118,1697.4536079999998
4924.026102000001,1697.385448
4928.334086,1697.589928
4932.642071,1697.930727
4936.950054999999,1698.2715269999999
4941.258039,1698.6123260000002
4945.566024000001,1698.8168059999998
4949.874008,1699.225765
4954.181992,1699.771044
4958.489977,1700.248163
4962.797961,1700.316323
4967.105945,1700.588962
4971.41393,1700.9297620000002
4975.721914,1701.270561
4980.029898,1701.7476800000002
4984.337883,1702.0884800000001
4988.645867,1702.497439
4992.953852000001,1702.906398
4997.261836,1703.3153579999998
5001.569820000001,1703.7243170000002
5005.877805,1703.996956
5010.185789,1704.269596
5014.493772999999,1704.474075
5018.801758,1704.883035
5023.109742000001,1705.360154
5027.417726,1705.7691129999998
5031.725711,1706.246232
5036.033695,1706.791511
5040.341679,1707.54127
5044.6496640000005,1708.2228690000002
5048.957648,1708.9726269999999
5053.265632,1709.722386
5057.573617,1710.335825
5061.881601,1711.017424
5066.189585,1711.6308629999999
5070.49757,1712.1761420000003
5074.805554,1712.653261
5079.1135380000005,1713.13038
5083.421523,1713.3348600000002
5087.729507,1713.675659
5092.037491,1714.0846179999999
5096.3454759999995,1714.6298969999998
5100.65346,1715.1751760000002
5104.961444,1715.652296
5109.269429,1715.9249350000002
5113.577413,1716.402054
5117.885397,1716.9473329999998
5122.193382,1717.424452
5126.5013659999995,1717.8334120000002
5130.80935,1718.3786910000001
5135.117335,1718.9239699999998
5139.425319,1719.4692489999998
5143.733303,1720.0145280000002
5148.041288,1720.559807
5152.3492719999995,1720.968766
5156.657256,1721.514045
5160.965241,1722.0593239999998
5165.273225,1722.6046030000002
5169.58121,1723.149882
5173.889193999999,1723.6951609999999
5178.197178,1724.3086
5182.505163000001,1724.853879
5186.813147,1725.3991579999997
5191.121131,1725.944437
5195.429115999999,1726.557876
5199.7371,1727.034995
5204.045084,1727.512114
5208.353069,1727.9210739999999
5212.661053,1728.2618730000002
5216.969037,1728.398193
5221.277022,1728.602672
5225.585006,1728.7389920000003
5229.89299,1728.8071519999999
5234.200975,1728.670832
5238.508959000001,1728.602672
5242.816943,1728.5345129999998
5247.124928,1728.3300329999997
5251.432911999999,1727.784754
5255.740896,1727.239475
5260.048881000001,1727.034995
5264.356865,1726.898675
5268.664849,1726.3533960000002
5272.972834,1726.012597
5277.280818,1725.8081170000003
5281.588802,1725.3991579999997
5285.896787,1725.194678
5290.204771,1724.9901989999998
5294.512755,1725.1265190000001
5298.82074,1725.194678
5303.128724,1725.2628379999999
5307.436708,1725.3309980000001
5311.744693,1725.3991579999997
5316.052677000001,1725.0583589999999
5320.360661,1723.831481
5324.668646,1721.173246
5328.97663,1718.3105309999999
5333.284614,1716.1294149999999
5337.5925990000005,1713.3348600000002
5341.900583,1711.358223
5346.208568,1710.199505
5350.516552,1709.926866
5354.824536,1709.177107
5359.132521,1708.0865489999999
5363.440505,1706.8596710000002
5367.748489,1706.178072
5372.056474,1706.0417530000002
5376.364458,1705.837273
5380.672442,1705.1556739999999
5384.980427,1704.269596
5389.2884109999995,1704.1332760000003
5393.5963950000005,1703.9287960000001
5397.90438,1702.974558
5402.212364,1700.6571219999998
5406.520348,1698.203367
5410.8283329999995,1695.749611
5415.136317,1693.568495
5419.4443009999995,1692.614257
5423.752286,1691.182899
5428.06027,1687.229626
5432.368254,1685.32115
5436.676239,1684.298752
5440.9842229999995,1683.0037140000002
5445.292207,1682.117635
5449.600192,1680.481798
5453.908176,1677.4146039999998
5458.21616,1674.960848
5462.524145,1672.779732
5466.832129,1670.325976
5471.140113,1669.439898
5475.448098,1669.235418
5479.756082,1668.8264589999999
5484.064066,1667.667741
5488.372050999999,1666.3727039999999
5492.680035,1665.145826
5496.988018999999,1663.4418289999999
5501.296004,1661.124393
5505.603988,1658.329838
5509.911972,1654.581045
5514.219957,1650.3551320000001
5518.527940999999,1645.9929
5522.835925,1642.1759470000002
5527.14391,1639.654031
5531.451894,1638.290834
5535.759879,1636.654997
5540.067863,1635.428119
5544.375847,1633.9967609999999
5548.683832,1630.588767
5552.991816,1628.543971
5557.2998,1627.998692
5561.607785,1627.248933
5565.915769,1626.226535
5570.223753,1625.272297
5574.531738000001,1625.067817
5578.839722,1624.454378
5583.147706000001,1623.36382
5587.455690999999,1622.409582
5591.763675,1621.932463
5596.071659,1621.932463
5600.379644,1621.8643029999998
5604.687628,1621.250864
5608.995612,1620.569265
5613.303597,1620.501105
5617.611581,1620.501105
5621.919565,1620.296626
5626.22755,1619.819507
5630.535534000001,1619.478707
5634.843518,1619.0697480000001
