DataLine,Pos = 1100
0.0,1870.7160190000002
4.307984341,1872.692655
8.615968683,1874.601132
12.92395302,1876.441448
17.23193737,1878.349925
21.53992171,1879.985762
25.84790605,1881.4171190000002
30.15589039,1883.052957
34.46387473,1884.5524739999998
38.77185907,1885.9838309999998
43.07984341,1887.619668
47.38782775,1889.323665
51.695812100000005,1891.0276620000002
56.00379644,1892.18638
60.31178078,1891.981901
64.61976512,1890.618703
68.92774946,1888.573907
73.2357338,1887.960468
77.54371814,1888.4375870000001
81.85170248,1888.4375870000001
86.15968683,1888.7102260000001
90.46767117,1889.391825
94.77565551,1890.550543
99.08363985,1891.913741
103.39162420000001,1893.345098
107.6996085,1894.7764559999998
112.0075929,1895.5943739999998
116.3155772,1896.4122929999999
120.62356159999999,1897.571011
124.9315459,1898.866048
129.23953020000002,1900.1610859999998
133.5475146,1901.592443
137.85549890000001,1902.8874809999998
142.16348330000002,1903.9098789999998
146.4714676,1904.386998
150.7794519,1905.341237
155.0874363,1905.7501960000002
159.3954206,1904.6596379999999
163.703405,1903.6372399999998
168.01138930000002,1902.2740420000002
172.3193737,1900.5018850000001
176.62735800000002,1897.025732
180.93534230000003,1894.0266969999998
185.2433267,1892.45902
189.551311,1890.618703
193.8592954,1889.391825
198.16727969999997,1889.4599850000002
202.47526399999998,1890.0052640000001
206.78324840000002,1889.800784
211.0912327,1888.6420670000002
215.39921710000002,1888.9147059999998
219.7072014,1888.7102260000001
224.0151857,1887.4833489999999
228.3231701,1887.415189
232.6311544,1887.415189
236.93913880000002,1886.5291100000002
241.2471231,1884.6887940000001
245.55510750000002,1882.575837
249.8630918,1881.1444800000002
254.1710761,1881.2808
258.4790605,1880.531041
262.78704480000005,1877.9409660000001
267.0950292,1873.851373
271.4030135,1871.329457
275.71099780000003,1869.9662600000001
280.0189822,1867.716984
284.3269665,1866.4219460000002
288.6349509,1862.6731530000002
292.9429352,1836.7723989999997
297.2509195,1712.312461
301.55890389999996,1588.5341230000001
305.86688819999995,1568.358799
310.1748726,1567.47272
314.48285689999994,1566.927441
318.7908413,1567.268241
323.0988256,1567.949839
327.4068099,1568.5632779999999
331.7147943,1569.2448769999999
336.02277860000004,1569.790156
340.330763,1569.994636
344.63874730000003,1569.721996
348.9467316,1570.267275
353.25471600000003,1570.744394
357.5627003,1570.471755
361.8706847,1567.8816789999998
366.178669,1565.7687230000001
370.4866533,1564.8144849999999
374.7946377,1562.08809
379.102622,1560.179613
383.4106064,1559.0890550000001
387.7185907,1556.36266
392.0265751,1555.272102
396.33455939999993,1555.885541
400.6425437,1556.7716189999999
404.95052810000004,1557.112419
409.2585124,1556.976099
413.56649680000004,1557.5895380000002
417.8744811,1557.998497
422.1824654,1558.1348169999999
426.49044979999996,1558.748256
430.7984341,1559.157215
435.10641849999996,1559.429855
439.4144028,1559.975134
443.72238710000005,1560.043293
448.0303715,1559.634334
452.33835580000004,1558.748256
456.6463402,1557.521378
460.9543245,1556.4308199999998
465.2623089,1556.49898
469.5702932,1555.067622
473.8782775,1553.704425
478.1862619,1553.908904
482.4942462,1554.454183
486.8022306,1555.067622
491.1102149,1555.817381
495.41819919999995,1557.044259
499.7261836,1558.4074560000001
504.03416789999994,1559.838814
508.3421523,1561.3383310000002
512.6501366,1562.769689
516.958121,1564.1328859999999
521.2661053,1565.427924
525.5740896000001,1566.7911210000002
529.882074,1568.154319
534.1900583,1569.653836
538.4980427,1571.1533539999998
542.806027,1572.448391
547.1140113,1573.7434289999999
551.4219957,1574.697667
555.72998,1575.311106
560.0379644,1576.197185
564.3459487000001,1577.2877429999999
568.653933,1578.5827800000002
572.9619174,1579.877818
577.2699017000001,1581.922614
581.5778861,1584.30821
585.8858704,1586.080367
590.1938547999999,1587.784364
594.5018391,1589.5565210000002
598.8098234,1591.464997
603.1178077999999,1593.305314
607.4257921,1595.077471
611.7337765,1596.576988
616.0417607999999,1598.008346
620.3497451000001,1599.507863
624.6577295,1600.93922
628.9657137999999,1602.438738
633.2736982000001,1603.801935
637.5816825,1604.9606529999999
641.8896668,1606.3238509999999
646.1976512,1608.027848
650.5056355,1609.868164
654.8136199,1611.572161
659.1216042000001,1613.276158
663.4295886,1614.775676
667.7375728999999,1616.411513
672.0455572000001,1617.91103
676.3535416,1619.274228
680.6615259,1620.4329460000001
684.9695102999999,1621.727983
689.2774946000001,1623.29566
693.5854789,1624.727018
697.8934632999999,1626.2946949999998
702.2014475999999,1627.794212
706.5094320000001,1629.29373
710.8174163,1630.861407
715.1254006,1632.292764
719.4333849999999,1633.860442
723.7413693,1635.359959
728.0493537000001,1636.791316
732.357338,1638.358994
736.6653223999999,1639.858511
740.9733067000001,1641.3580279999999
745.281291,1642.789386
749.5892754,1644.152583
753.8972597000001,1645.311301
758.2052441000001,1645.92474
762.5132284,1646.878978
766.8212127,1647.9695359999998
771.1291970999999,1648.378496
775.4371814,1649.537214
779.7451658,1651.241211
784.0531501,1653.626806
788.3611344999999,1655.535283
792.6691187999999,1657.511919
796.9771031,1660.170155
801.2850875,1662.078631
805.5930718,1663.578149
809.9010562000001,1665.009506
814.2090405,1666.577183
818.5170248,1668.962779
822.8250092000001,1674.4837289999998
827.1329935,1685.1166699999999
831.4409779,1694.8635329999997
835.7489622,1698.407846
840.0569465,1701.7476800000002
844.3649309,1704.474075
848.6729152,1706.5188719999999
852.9808995999999,1709.722386
857.2888839,1713.948299
861.5968683,1718.5831699999999
865.9048526,1722.331964
870.2128369,1726.3533960000002
874.5208213,1730.851948
878.8288056,1734.328102
883.13679,1741.4167300000001
887.4447742999998,1752.25415
891.7527586000001,1756.752702
896.060743,1758.933818
900.3687273,1761.7283730000001
904.6767117,1767.453803
908.9846960000001,1773.3155530000001
913.2926802999999,1781.222098
917.6006647,1798.330228
921.908649,1832.6146469999999
926.2166333999999,1883.2574359999999
930.5246177000001,1940.239094
934.8326020999999,1975.000632
939.1405864,1988.087329
943.4485707,1992.108762
947.7565551000001,1995.107796
952.0645394,1998.8565899999999
956.3725238,2002.809863
960.6805081,2005.468098
964.9884924,2007.581054
969.2964767999999,2010.03481
973.6044611,2012.147766
977.9124455,2014.124402
982.2204298,2016.3736780000002
986.5284141000001,2018.282155
990.8363985,2020.190632
995.1443828,2022.576227
999.4523672,2025.098143
1003.760352,2027.551898
1008.0683359999999,2029.7330149999998
1012.37632,2032.05045
1016.6843050000001,2034.367886
1020.992289,2036.549002
1025.300273,2039.1390780000002
1029.608258,2041.7973129999998
1033.916242,2044.1147489999998
1038.224226,2046.500345
1042.532211,2048.2725010000004
1046.840195,2049.431219
1051.1481789999998,2050.726257
1055.4561640000002,2052.362094
1059.764148,2054.2024109999998
1064.072132,2055.633768
1068.380117,2056.179047
1072.688101,2056.519847
1076.996085,2058.428323
1081.30407,2060.0641600000004
1085.612054,2061.154718
1089.920038,2062.245276
1094.2280230000001,2063.8811140000003
1098.536007,2065.78959
1102.843991,2067.084628
1107.1519759999999,2068.856785
1111.45996,2070.2881420000003
1115.767944,2070.356302
1120.0759289999999,2070.8334210000003
1124.3839130000001,2071.7195
1128.6918970000002,2072.401098
1132.999882,2071.8558190000003
1137.307866,2070.969741
1141.61585,2070.560782
1145.923835,2067.152788
1150.2318189999999,2062.790555
1154.539803,2060.6775989999996
1158.847788,2060.3368
1163.155772,2060.4049600000003
1167.463756,2059.655201
1171.771741,2058.905442
1176.079725,2058.019364
1180.38771,2056.860646
1184.695694,2055.633768
1189.003678,2054.066091
1193.3116630000002,2051.953135
1197.619647,2049.772019
1201.927631,2047.795382
1206.235616,2046.0913850000002
1210.5436,2044.319228
1214.851584,2043.6376300000002
1219.159569,2043.0923510000002
1223.467553,2036.9579620000002
1227.775537,2032.18677
1232.0835220000001,2024.825503
1236.3915060000002,1990.336605
1240.69949,1855.7208449999998
1245.007475,1674.8245279999999
1249.315459,1636.654997
1253.623443,1633.178843
1257.9314279999999,1629.634529
1262.239412,1625.204137
1266.5473960000002,1615.729914
1270.855381,1605.369613
1275.163365,1602.984017
1279.471349,1601.688979
1283.779334,1600.1894619999998
1288.0873179999999,1598.621785
1292.395302,1596.440668
1296.7032869999998,1594.464032
1301.011271,1593.9869130000002
1305.319255,1592.9645150000001
1309.62724,1591.873957
1313.935224,1591.124198
1318.243208,1588.1251630000002
1322.551193,1583.762931
1326.859177,1579.400699
1331.1671609999999,1576.333504
1335.475146,1572.92551
1339.78313,1568.767758
1344.091114,1566.518482
1348.399099,1565.6324029999998
1352.707083,1565.4960839999999
1357.015067,1564.405526
1361.323052,1563.587607
1365.631036,1562.974168
1369.9390210000001,1560.111453
1374.2470050000002,1556.021861
1378.554989,1551.114349
1382.8629740000001,1544.843641
1387.170958,1540.004289
1391.478942,1537.005255
1395.7869269999999,1534.4833390000001
1400.094911,1532.574863
1404.402895,1531.3479849999999
1408.71088,1530.3255869999998
1413.0188640000001,1529.235029
1417.3268480000002,1528.21263
1421.634833,1528.076311
1425.942817,1527.531032
1430.250801,1526.644953
1434.5587859999998,1526.235994
1438.8667699999999,1524.8046359999998
1443.174754,1522.214561
1447.482739,1517.784169
1451.790723,1515.194094
1456.098707,1514.035376
1460.406692,1512.808498
1464.714676,1511.64978
1469.0226599999999,1510.354742
1473.330645,1509.0597050000001
1477.6386289999998,1507.696507
1481.946613,1505.515391
1486.254598,1501.493958
1490.562582,1499.108362
1494.870566,1497.336205
1499.178551,1495.155089
1503.486535,1493.5874119999999
1507.794519,1492.292374
1512.102504,1491.201816
1516.410488,1490.5202179999999
1520.718472,1489.42966
1525.026457,1487.5893429999999
1529.334441,1486.703264
1533.642425,1485.476387
1537.95041,1483.56791
1542.258394,1482.1365529999998
1546.5663789999999,1480.500716
1550.8743630000001,1478.592239
1555.1823470000002,1477.84248
1559.490332,1477.569841
1563.798316,1477.092722
1568.1063,1475.865844
1572.414285,1474.298167
1576.7222689999999,1472.45785
1581.030253,1471.094652
1585.338238,1470.3448939999998
1589.646222,1469.731455
1593.954206,1468.640897
1598.262191,1467.414019
1602.570175,1466.118981
1606.878159,1464.823944
1611.186144,1463.597066
1615.494128,1462.370188
1619.8021119999999,1461.21147
1624.110097,1460.5298710000002
1628.418081,1459.916432
1632.726065,1459.439313
1637.03405,1458.416915
1641.342034,1457.394517
1645.650018,1456.849238
1649.958003,1455.6905199999999
1654.265987,1454.531802
1658.573971,1453.5775640000002
1662.881956,1451.941727
1667.18994,1450.10141
1671.497924,1448.124773
1675.805909,1442.058544
1680.113893,1436.878393
1684.421877,1435.447036
1688.7298620000001,1434.765437
1693.0378460000002,1434.220158
1697.34583,1433.674879
1701.653815,1432.652481
1705.961799,1431.0848039999998
1710.2697829999997,1429.108167
1714.5777679999999,1427.267851
1718.885752,1425.632014
1723.193737,1424.336976
1727.501721,1423.314578
1731.8097050000001,1422.701139
1736.1176899999998,1422.496659
1740.4256739999998,1422.01954
1744.7336579999999,1421.678741
1749.041643,1421.6105810000001
1753.349627,1421.542421
1757.6576109999999,1421.406101
1761.965596,1420.9289820000001
1766.27358,1420.860822
1770.581564,1420.724502
1774.8895489999998,1420.520023
1779.1975329999998,1420.656342
1783.5055170000003,1420.860822
1787.813502,1421.2016210000002
1792.121486,1421.678741
1796.42947,1422.2921800000001
1800.7374550000002,1422.973778
1805.045439,1423.7235369999999
1809.353423,1424.5414560000002
1813.6614079999997,1425.3593740000001
1817.9693920000002,1426.177293
1822.2773760000002,1426.995211
1826.585361,1427.88129
1830.893345,1428.699208
1835.201329,1429.5171269999998
1839.5093140000001,1430.266885
1843.817298,1431.152964
1848.125282,1431.970882
1852.4332670000001,1432.788801
1856.7412510000001,1433.743039
1861.0492350000002,1434.629117
1865.3572199999999,1435.515196
1869.665204,1436.673914
1873.973188,1437.6963119999998
1878.281173,1438.58239
1882.5891570000001,1439.536629
1886.897141,1440.490867
1891.205126,1441.581425
1895.51311,1442.876463
1899.8210940000001,1443.898861
1904.1290789999998,1444.853099
1908.4370629999999,1445.943657
1912.745048,1447.306855
1917.053032,1448.533733
1921.361016,1449.692451
1925.6690010000002,1451.1919679999999
1929.9769850000002,1452.964125
1934.284969,1455.0770810000001
1938.592954,1457.258197
1942.900938,1459.5074730000001
1947.2089219999998,1461.6204289999998
1951.516907,1463.0517869999999
1955.824891,1464.210505
1960.132875,1465.573702
1964.4408600000002,1467.277699
1968.7488440000002,1468.845376
1973.0568280000002,1470.276734
1977.364813,1472.048891
1981.672797,1473.889207
1985.980781,1475.797684
1990.2887660000001,1477.7061609999998
1994.59675,1479.5464769999999
1998.904734,1481.386794
2003.212719,1482.886311
2007.5207030000001,1484.181349
2011.8286870000002,1485.680866
2016.1366719999999,1487.5893429999999
2020.444656,1489.565979
2024.75264,1491.269976
2029.060625,1492.905813
2033.3686089999999,1495.291409
2037.676593,1497.949644
2041.984578,1500.1989199999998
2046.292562,1501.902917
2050.600546,1503.470595
2054.908531,1505.447231
2059.216515,1506.946748
2063.5244989999997,1508.446266
2067.832484,1510.6273820000001
2072.140468,1513.5582570000001
2076.448452,1516.489131
2080.756437,1519.011047
2085.064421,1522.214561
2089.372406,1525.077276
2093.68039,1527.258392
2097.988374,1529.916627
2102.296359,1532.0295839999999
2106.604343,1533.6654210000002
2110.912327,1535.9146970000002
2115.220312,1538.300292
2119.528296,1540.617728
2123.83628,1543.003324
2128.144265,1545.661559
2132.452249,1548.183475
2136.760233,1549.614832
2141.068218,1550.90987
2145.376202,1552.477547
2149.684186,1554.590503
2153.992171,1556.49898
2158.300155,1558.748256
2162.608139,1562.292569
2166.916124,1564.8144849999999
2171.224108,1566.859281
2175.5320920000004,1571.766793
2179.840077,1586.557486
2184.148061,1604.824333
2188.456045,1614.980155
2192.7640300000003,1619.819507
2197.072014,1624.5225380000002
2201.379998,1634.4738810000001
2205.687983,1640.949069
2209.9959670000003,1644.288903
2214.3039510000003,1646.333699
2218.611936,1650.2188119999998
2222.91992,1654.581045
2227.227904,1657.784559
2231.535889,1660.442794
2235.8438730000003,1663.03287
2240.151857,1665.486625
2244.459842,1667.326942
2248.7678260000002,1669.848857
2253.0758100000003,1673.188691
2257.3837949999997,1675.778767
2261.6917789999998,1678.2325219999998
2265.999764,1680.9589170000002
2270.307748,1683.8216320000001
2274.615732,1686.479868
2278.923717,1688.7291440000001
2283.231701,1690.7739399999998
2287.539685,1692.1371379999998
2291.84767,1693.636655
2296.1556539999997,1697.2491280000002
2300.4636379999997,1701.270561
2304.771623,1705.0193550000001
2309.079607,1707.8820690000002
2313.387591,1709.5179059999998
2317.695576,1710.199505
2322.00356,1710.8129440000002
2326.311544,1713.948299
2330.619529,1718.242371
2334.927513,1721.445885
2339.2354969999997,1722.6046030000002
2343.543482,1722.9454030000002
2347.851466,1723.354362
2352.15945,1723.6951609999999
2356.467435,1723.7633210000001
2360.775419,1723.2180420000002
2365.083403,1721.5822050000002
2369.391388,1719.810048
2373.699372,1718.78765
2378.007356,1717.492612
2382.315341,1716.265734
2386.623325,1715.652296
2390.931309,1715.652296
2395.239294,1715.788615
2399.547278,1715.856775
2403.855262,1715.788615
2408.163247,1715.788615
2412.471231,1715.652296
2416.779215,1714.766217
2421.0872,1713.06222
2425.395184,1711.017424
2429.703168,1709.654226
2434.011153,1708.631828
2438.319137,1707.54127
2442.627121,1705.905433
2446.935106,1704.7467149999998
2451.24309,1703.996956
2455.551075,1702.2929589999999
2459.859059,1700.7934420000001
2464.167043,1699.702884
2468.4750280000003,1698.544166
2472.7830120000003,1697.726248
2477.090996,1697.112809
2481.398981,1695.954091
2485.706965,1694.590893
2490.014949,1693.159536
2494.322934,1691.660018
2498.630918,1689.7515420000002
2502.938902,1687.5704260000002
2507.2468870000002,1685.6619489999998
2511.5548710000003,1683.0718739999998
2515.862855,1680.413638
2520.1708399999998,1678.9822809999998
2524.478824,1677.005645
2528.786808,1675.233488
2533.0947929999998,1674.415569
2537.402777,1673.597651
2541.710761,1672.7115720000002
2546.018746,1671.348375
2550.32673,1670.257817
2554.6347140000003,1669.5080580000001
2558.9426989999997,1668.690139
2563.2506829999998,1667.326942
2567.5586670000002,1665.691105
2571.866652,1663.987108
2576.1746359999997,1661.056233
2580.4826199999998,1657.5800789999998
2584.790605,1654.308405
2589.098589,1652.399929
2593.406573,1651.173051
2597.7145579999997,1650.3551320000001
2602.022542,1649.060094
2606.330526,1647.901377
2610.638511,1647.083458
2614.946495,1645.8565800000001
2619.2544789999997,1644.3570630000002
2623.562464,1642.8575460000002
2627.870448,1641.4261880000001
2632.178433,1640.26747
2636.486417,1639.1087519999999
2640.794401,1637.336595
2645.102386,1635.291799
2649.41037,1633.451482
2653.718354,1632.565404
2658.026339,1631.543006
2662.334323,1630.520608
2666.642307,1629.702689
2670.950292,1628.884771
2675.258276,1627.794212
2679.56626,1627.1126140000001
2683.874245,1626.499175
2688.182229,1625.408617
2692.490213,1623.0230210000002
2696.798198,1620.637425
2701.106182,1618.797109
2705.414166,1618.04735
2709.722151,1617.1612710000002
2714.030135,1616.207033
2718.338119,1615.661754
2722.646104,1614.775676
2726.954088,1614.025917
2731.262072,1613.548798
2735.570057,1613.071679
2739.878041,1612.59456
2744.186025,1612.11744
2748.4940100000003,1611.299522
2752.801994,1610.481603
2757.109978,1609.459205
2761.417963,1608.164168
2765.725947,1607.2099289999999
2770.033931,1606.80097
2774.341916,1605.983051
2778.6499,1605.437772
2782.957884,1605.096973
2787.2658690000003,1604.6198539999998
2791.5738530000003,1604.142735
2795.881837,1603.392976
2800.189822,1602.984017
2804.497806,1602.7113769999999
2808.80579,1602.234258
2813.113775,1601.552659
2817.421759,1601.07554
2821.729744,1600.802901
2826.0377280000002,1600.462101
2830.3457120000003,1600.121302
2834.6536969999997,1599.7805019999998
2838.9616809999998,1599.439703
2843.269665,1599.098904
2847.57765,1598.758104
2851.885634,1598.4173050000002
2856.193618,1598.008346
2860.501603,1597.6675460000001
2864.809587,1597.122267
2869.117571,1596.576988
2873.4255559999997,1596.168029
2877.7335399999997,1595.7590699999998
2882.0415239999998,1595.2137910000001
2886.349509,1594.668512
2890.657493,1594.191392
2894.9654769999997,1593.850593
2899.273462,1593.441634
2903.581446,1593.100834
2907.88943,1592.5555550000001
2912.1974149999996,1591.942116
2916.5053989999997,1591.396837
2920.8133829999997,1590.715239
2925.121368,1589.89732
2929.429352,1589.0794019999998
2933.737336,1588.602282
2938.045321,1587.7162039999998
2942.353305,1586.489326
2946.661289,1585.4669279999998
2950.969274,1584.717169
2955.2772579999996,1584.0355710000001
2959.585242,1583.217652
2963.893227,1582.263414
2968.201211,1581.309175
2972.509195,1580.695737
2976.81718,1579.945978
2981.125164,1578.9235800000001
2985.433148,1577.901182
2989.741133,1577.219583
2994.049117,1576.674304
2998.357102,1576.0608650000001
3002.665086,1575.311106
3006.97307,1574.356868
3011.281055,1573.8115890000001
3015.589039,1572.380231
3019.897023,1570.8125539999999
3024.205008,1570.1991150000001
3028.5129920000004,1569.9264759999999
3032.820976,1569.585676
3037.128961,1568.6995980000002
3041.436945,1567.949839
3045.744929,1567.40456
3050.052914,1566.859281
3054.360898,1565.973203
3058.668882,1565.018965
3062.9768670000003,1563.996566
3067.2848510000003,1563.110488
3071.592835,1562.360729
3075.90082,1561.542811
3080.208804,1559.702494
3084.516788,1558.1348169999999
3088.824773,1557.4532179999999
3093.132757,1556.4308199999998
3097.440741,1555.476582
3101.7487260000003,1554.999462
3106.0567100000003,1554.590503
3110.3646940000003,1554.181544
3114.672679,1553.704425
3118.980663,1553.1591460000002
3123.288647,1552.613867
3127.596632,1552.409387
3131.904616,1552.068588
3136.2126,1551.6596279999999
3140.520585,1551.182509
3144.8285690000002,1551.182509
3149.1365530000003,1551.114349
3153.4445379999997,1550.84171
3157.7525219999998,1550.63723
3162.060506,1550.432751
3166.368491,1550.160111
3170.676475,1549.955631
3174.98446,1549.614832
3179.292444,1549.069553
3183.600428,1548.796914
3187.908413,1548.660594
3192.2163969999997,1548.3879539999998
3196.5243809999997,1548.183475
3200.832366,1547.978995
3205.14035,1547.7063560000001
3209.448334,1547.2973960000002
3213.756319,1546.956597
3218.064303,1546.752117
3222.372287,1546.479478
3226.680272,1546.274998
3230.988256,1546.070518
3235.2962399999997,1545.866039
3239.604225,1545.661559
3243.912209,1545.4570800000001
3248.220193,1545.32076
3252.528178,1545.1162800000002
3256.836162,1544.843641
3261.144146,1544.6391609999998
3265.452131,1544.230202
3269.760115,1543.821242
3274.0680989999996,1543.480443
3278.376084,1543.207804
3282.684068,1542.7306839999999
3286.992052,1542.1854050000002
3291.300037,1541.844606
3295.608021,1541.367487
3299.916005,1540.685888
3304.22399,1540.3450890000001
3308.531974,1539.79981
3312.839958,1539.118211
3317.147943,1538.845571
3321.455927,1538.163973
3325.763911,1537.4142140000001
3330.071896,1537.005255
3334.37988,1536.7326150000001
3338.687864,1536.323656
3342.995849,1535.846537
3347.303833,1535.1649380000001
3351.611817,1534.14254
3355.9198020000003,1533.188301
3360.227786,1532.506703
3364.5357710000003,1531.893264
3368.843755,1530.802706
3373.151739,1529.712148
3377.4597240000003,1528.48527
3381.767708,1527.326552
3386.0756920000003,1526.099674
3390.3836770000003,1524.8046359999998
3394.691661,1523.4414390000002
3398.9996450000003,1521.532962
3403.30763,1519.079207
3407.6156140000003,1515.875692
3411.923598,1514.512495
3416.231583,1513.626416
3420.5395670000003,1512.740338
3424.847551,1511.4453
3429.1555359999998,1510.013943
3433.4635200000002,1508.650745
3437.771504,1507.151228
3442.079489,1505.719871
3446.3874729999998,1504.220353
3450.695457,1502.788996
3455.003442,1501.0168390000001
3459.3114259999998,1499.108362
3463.6194100000002,1497.608845
3467.927395,1496.313807
3472.2353789999997,1494.9506099999999
3476.543363,1493.791892
3480.8513479999997,1493.314773
3485.159332,1493.178453
3489.4673159999998,1492.837654
3493.7753009999997,1492.1560550000002
3498.083285,1491.542616
3502.3912689999997,1491.269976
3506.699254,1491.133657
3511.007238,1490.724697
3515.3152219999997,1490.179418
3519.623207,1489.497819
3523.9311909999997,1487.112224
3528.239175,1483.84055
3532.54716,1482.341032
3536.8551439999997,1481.591274
3541.163129,1480.977835
3545.471113,1480.3643960000002
3549.779097,1479.9554369999998
3554.087082,1479.614637
3558.3950659999996,1479.001198
3562.70305,1478.11512
3567.011035,1477.365361
3571.3190189999996,1476.683762
3575.627003,1476.0703230000001
3579.9349880000004,1475.525044
3584.242972,1474.707126
3588.550956,1473.684728
3592.8589409999995,1472.66233
3597.166925,1471.912571
3601.4749090000005,1471.094652
3605.782894,1470.3448939999998
3610.090878,1469.595135
3614.3988619999996,1468.845376
3618.706847,1468.027458
3623.0148310000004,1467.345859
3627.322815,1466.9369
3631.6308,1466.459781
3635.9387840000004,1466.050821
3640.246768,1465.301063
3644.5547530000003,1464.5513039999998
3648.862737,1463.869705
3653.170721,1463.1199470000001
3657.4787060000003,1462.3020279999998
3661.78669,1461.34779
3666.0946740000004,1460.598031
3670.4026590000003,1460.052752
3674.710643,1459.575633
3679.0186270000004,1458.962194
3683.326612,1458.280595
3687.634596,1457.530837
3691.94258,1456.3721189999999
3696.250565,1455.34972
3700.5585490000003,1454.531802
3704.866533,1454.1228429999999
3709.174518,1453.645724
3713.4825020000003,1453.100444
3717.7904869999998,1452.7596449999999
3722.0984710000002,1452.555165
3726.406455,1452.350686
3730.7144399999997,1451.805407
3735.0224240000002,1451.055648
3739.330408,1450.442209
3743.638393,1449.9650900000001
3747.946377,1449.351651
3752.254361,1448.738212
3756.562346,1448.3974130000001
3760.8703299999997,1447.9884539999998
3765.1783140000002,1447.306855
3769.486299,1445.875497
3773.7942829999997,1444.103341
3778.102267,1442.808303
3782.410252,1442.126704
3786.718236,1441.990384
3791.02622,1441.854065
3795.3342049999997,1441.7859050000002
3799.642189,1441.649585
3803.9501729999997,1441.513265
3808.2581579999996,1441.717745
3812.566142,1441.7859050000002
3816.8741259999997,1441.7859050000002
3821.182111,1441.922224
3825.490095,1441.990384
3829.7980789999997,1442.126704
3834.106064,1442.263024
3838.4140479999996,1442.399344
3842.722032,1442.6038230000001
3847.030017,1442.876463
3851.3380009999996,1443.217262
3855.645985,1443.5580619999998
3859.9539700000005,1443.694381
3864.261954,1443.9670210000002
3868.569938,1444.23966
3872.8779229999996,1444.5123
3877.185907,1444.7849390000001
3881.4938909999996,1445.125739
3885.801876,1445.3983779999999
3890.10986,1445.807338
3894.4178439999996,1446.148137
3898.725829,1446.420776
3903.0338130000005,1446.8978960000002
3907.3417979999995,1447.238695
3911.649782,1447.7158140000001
3915.9577659999995,1448.261093
3920.265751,1448.738212
3924.573735,1449.283491
3928.881719,1449.8287699999998
3933.189704,1450.305889
3937.4976880000004,1450.783009
3941.805672,1451.3282880000002
3946.113657,1451.873567
3950.4216409999995,1452.418846
3954.729625,1453.032285
3959.0376100000003,1453.645724
3963.345594,1454.327322
3967.653578,1455.0770810000001
3971.9615630000003,1455.82684
3976.269547,1456.508438
3980.5775310000004,1457.1900369999998
3984.885516,1457.8716359999999
3989.1935,1458.621395
3993.5014840000003,1459.439313
3997.809469,1460.393551
4002.1174530000003,1461.34779
4006.425437,1462.165708
4010.733422,1462.915467
4015.0414060000003,1463.937865
4019.34939,1465.096583
4023.657375,1465.982661
4027.9653590000003,1466.8687400000001
4032.273343,1467.822978
4036.581328,1468.981696
4040.889312,1470.072254
4045.1972960000003,1471.026492
4049.505281,1472.3215300000002
4053.813265,1473.548408
4058.1212490000003,1474.775286
4062.429234,1476.0703230000001
4066.7372179999998,1477.77432
4071.0452020000002,1479.614637
4075.3531869999997,1480.977835
4079.661171,1482.4773519999999
4083.969156,1484.1131890000001
4088.2771399999997,1485.749026
4092.585124,1487.521183
4096.893109000001,1489.1570199999999
4101.201093,1490.929177
4105.509077000001,1493.042133
4109.817062,1494.74613
4114.125046,1495.9048480000001
4118.43303,1497.063566
4122.741015,1498.290444
4127.048999000001,1499.653641
4131.356983,1501.153159
4135.664968,1502.516356
4139.972952,1503.675074
4144.280936,1505.379071
4148.5889210000005,1506.946748
4152.896905,1508.037306
4157.204889,1509.196024
4161.512874,1510.2184220000001
4165.820858,1511.3089810000001
4170.128842,1512.808498
4174.436827,1514.580655
4178.744811,1516.6254509999999
4183.0527950000005,1518.2612880000001
4187.36078,1520.101605
4191.668764,1522.214561
4195.976748,1523.918558
4200.2847329999995,1525.963354
4204.592717,1527.939991
4208.900701,1529.780308
4213.208686,1531.825104
4217.51667,1534.14254
4221.824654,1536.4599759999999
4226.132639,1539.6634900000001
4230.4406229999995,1542.867004
4234.748607,1545.593399
4239.056592,1549.5466720000002
4243.364576,1554.113384
4247.67256,1557.862177
4251.980545,1561.610971
4256.2885289999995,1565.223444
4260.596514,1567.949839
4264.904498,1572.243912
4269.212482,1576.674304
4273.520467,1579.332539
4277.828450999999,1581.922614
4282.136435,1584.37637
4286.444420000001,1586.761966
4290.752404,1590.578919
4295.060388,1594.872991
4299.368372999999,1598.553625
4303.676357,1601.552659
4307.984340999999,1604.210895
4312.292326,1607.073609
4316.60031,1611.095042
4320.908294,1616.070713
4325.216279,1621.455344
4329.524263,1625.749416
4333.832247,1629.02109
4338.140232,1631.815645
4342.448216,1635.291799
4346.7562,1638.972432
4351.064185,1642.584906
4355.372169,1646.19738
4359.680153,1649.878013
4363.988138000001,1653.286007
4368.296122,1656.353201
4372.604106000001,1659.284076
4376.912090999999,1661.942311
4381.220075,1664.327907
4385.528059,1666.577183
4389.836044,1668.4175
4394.144028,1669.712538
4398.452012,1671.143895
4402.759997,1672.779732
4407.067981,1674.415569
4411.375965,1675.983246
4415.68395,1677.619083
4419.991934000001,1679.1186010000001
4424.299918,1680.3454789999998
4428.607903,1681.4360370000002
4432.915887,1682.5265949999998
4437.223871,1683.5489929999999
4441.5318560000005,1684.6395510000002
4445.83984,1685.730109
4450.147825,1686.888827
4454.455809,1688.047545
4458.763793,1689.274423
4463.071778,1691.182899
4467.379762,1692.9550559999998
4471.6877460000005,1694.0456140000001
4475.995731,1694.386414
4480.303715,1694.931693
4484.611699,1695.6814510000002
4488.919684,1696.840169
4493.2276679999995,1698.339686
4497.5356520000005,1701.2024010000002
4501.843637,1709.177107
4506.151621,1715.447816
4510.459605,1718.4468510000002
4514.7675899999995,1720.7642859999999
4519.075574,1722.9454030000002
4523.3835579999995,1725.2628379999999
4527.691543,1727.103155
4531.999527,1728.8753120000001
4536.307511,1730.7156289999998
4540.615496,1732.0788260000002
4544.9234799999995,1733.714663
4549.231464,1735.5549800000001
4553.539449,1736.7818579999998
4557.847433,1738.008736
4562.155417,1739.303773
4566.463402,1741.1440899999998
4570.771386,1742.9162469999999
4575.07937,1744.552084
4579.387355,1746.4605609999999
4583.695339,1748.505357
4588.003323,1750.4819929999999
4592.311307999999,1751.708871
4596.619292,1753.3447079999999
4600.927275999999,1754.980545
4605.235261,1756.4119030000002
4609.543245000001,1758.320379
4613.851229,1760.228856
4618.159214,1761.932853
4622.467197999999,1763.5686899999998
4626.775183,1765.817966
4631.083167,1768.8170010000001
4635.391151,1770.929957
4639.699136,1772.361314
4644.00712,1773.2473929999999
4648.315104,1774.47427
4652.623089,1775.564829
4656.931073,1776.314587
4661.239057,1777.0643460000001
4665.547042,1777.745945
4669.855026,1778.427543
4674.16301,1779.040982
4678.470995000001,1779.858901
4682.778979,1780.676819
4687.086963000001,1781.2902579999998
4691.394948,1781.903697
4695.702932,1782.517136
4700.010915999999,1782.8579350000002
4704.318901,1783.266895
4708.626885000001,1783.812174
4712.934869,1784.357453
4717.242854,1784.7664120000002
4721.550838,1785.107211
4725.858822,1785.516171
4730.166807,1785.7888100000002
4734.474791,1785.92513
4738.782775,1786.334089
4743.09076,1786.6748890000001
4747.398744,1786.9475280000001
4751.706728,1787.4246469999998
4756.0147130000005,1787.833607
4760.322697,1788.2425660000001
4764.630681000001,1788.447046
4768.938666,1788.7878449999998
4773.24665,1789.1286440000001
4777.554634,1789.469444
4781.8626189999995,1789.673923
4786.1706030000005,1789.810243
4790.478587,1789.946563
4794.786572,1790.219202
4799.094556,1790.423682
4803.4025409999995,1790.560002
4807.710525,1790.6281620000002
4812.018509,1790.832641
4816.326494,1791.037121
4820.634478,1791.1052809999999
4824.942462,1791.173441
4829.250446999999,1791.173441
4833.558431,1791.37792
4837.8664149999995,1791.5142399999997
4842.1744,1791.5824
4846.482384,1791.7187199999998
4850.790368,1791.78688
4855.098353,1791.78688
4859.406336999999,1791.9913589999999
4863.714321,1791.9231989999998
4868.022306,1791.7187199999998
4872.33029,1791.855039
4876.638274,1791.9231989999998
4880.946259,1791.855039
4885.254243,1792.127679
4889.562227,1792.2639989999998
4893.870212,1792.400318
4898.178196,1792.604798
4902.48618,1792.741118
4906.794165,1792.877438
4911.102149,1792.877438
4915.410132999999,1792.877438
4919.718118,1792.877438
4924.026102000001,1793.0819170000002
4928.334086,1793.150077
4932.642071,1793.218237
4936.950054999999,1793.150077
4941.258039,1793.2863969999999
4945.566024000001,1793.4227170000001
4949.874008,1793.490876
4954.181992,1793.490876
4958.489977,1793.354557
4962.797961,1793.150077
4967.105945,1793.218237
4971.41393,1793.4227170000001
4975.721914,1793.5590359999999
4980.029898,1793.763516
4984.337883,1793.967996
4988.645867,1794.172475
4992.953852000001,1794.4451149999998
4997.261836,1794.6495940000002
5001.569820000001,1794.922234
5005.877805,1795.1948730000001
5010.185789,1795.4675129999998
5014.493772999999,1795.671993
5018.801758,1795.876472
5023.109742000001,1796.2172719999999
5027.417726,1796.626231
5031.725711,1797.0351899999998
5036.033695,1797.512309
5040.341679,1797.9212690000002
5044.6496640000005,1798.466548
5048.957648,1798.9436670000002
5053.265632,1799.420786
5057.573617,1799.897905
5061.881601,1800.443184
5066.189585,1800.920303
5070.49757,1801.465582
5074.805554,1802.010861
5079.1135380000005,1802.55614
5083.421523,1803.101419
5087.729507,1803.7148579999998
5092.037491,1804.3282969999998
5096.3454759999995,1804.941736
5100.65346,1805.555175
5104.961444,1806.1686140000002
5109.269429,1806.850213
5113.577413,1807.463652
5117.885397,1808.21341
5122.193382,1808.895009
5126.5013659999995,1809.5766079999999
5130.80935,1810.326366
5135.117335,1811.2806050000002
5139.425319,1812.234843
5143.733303,1813.1890809999998
5148.041288,1813.87068
5152.3492719999995,1814.824918
5156.657256,1815.8473170000002
5160.965241,1816.8697149999998
5165.273225,1817.823953
5169.58121,1818.7100309999998
5173.889193999999,1819.5961100000002
5178.197178,1820.550348
5182.505163000001,1821.4364269999999
5186.813147,1822.390665
5191.121131,1823.2085829999999
5195.429115999999,1824.026502
5199.7371,1824.9807399999997
5204.045084,1826.0031379999998
5208.353069,1827.161856
5212.661053,1828.6613739999998
5216.969037,1830.2972109999998
5221.277022,1832.069368
5225.585006,1833.909684
5229.89299,1835.750001
5234.200975,1838.612716
5238.508959000001,1842.225189
5242.816943,1844.7471050000001
5247.124928,1846.5874219999998
5251.432911999999,1847.4053399999998
5255.740896,1847.814299
5260.048881000001,1848.564058
5264.356865,1849.722776
5268.664849,1850.3362149999998
5272.972834,1850.745174
5277.280818,1851.290453
5281.588802,1852.5173309999998
5285.896787,1853.471569
5290.204771,1854.016848
5294.512755,1854.016848
5298.82074,1854.016848
5303.128724,1854.289488
5307.436708,1854.766607
5311.744693,1854.698447
5316.052677000001,1854.3576480000002
5320.360661,1854.0850079999998
5324.668646,1854.6302870000002
5328.97663,1855.1755660000001
5333.284614,1855.1755660000001
5337.5925990000005,1854.766607
5341.900583,1854.4258079999997
5346.208568,1854.3576480000002
5350.516552,1854.6302870000002
5354.824536,1854.493968
5359.132521,1853.8123690000002
5363.440505,1853.13077
5367.748489,1852.653651
5372.056474,1852.176532
5376.364458,1851.0859739999999
5380.672442,1849.3138170000002
5384.980427,1847.6779800000002
5389.2884109999995,1847.33718
5393.5963950000005,1844.4744649999998
5397.90438,1839.7032739999997
5402.212364,1836.3634399999999
5406.520348,1834.386803
5410.8283329999995,1833.091766
5415.136317,1831.796728
5419.4443009999995,1830.97881
5423.752286,1830.2290510000003
5428.06027,1829.4792920000002
5432.368254,1828.797693
5436.676239,1828.252414
5440.9842229999995,1827.979775
5445.292207,1826.957377
5449.600192,1824.639941
5453.908176,1820.959307
5458.21616,1818.5055519999999
5462.524145,1817.074194
5466.832129,1816.0517960000002
5471.140113,1815.165718
5475.448098,1814.279639
5479.756082,1813.4617210000001
5484.064066,1812.439323
5488.372050999999,1810.326366
5492.680035,1806.509413
5496.988018999999,1800.375024
5501.296004,1793.695356
5505.603988,1787.492807
5509.911972,1783.744014
5514.219957,1779.9270609999999
5518.527940999999,1775.224029
5522.835925,1769.7712390000002
5527.14391,1766.090605
5531.451894,1763.77317
5535.759879,1758.4566989999998
5540.067863,1753.412868
5544.375847,1749.5959149999999
5548.683832,1747.210319
5552.991816,1744.961043
5557.2998,1742.370968
5561.607785,1738.4176949999999
5565.915769,1733.987303
5570.223753,1730.03403
5574.531738000001,1728.398193
5578.839722,1727.103155
5583.147706000001,1725.944437
5587.455690999999,1725.0583589999999
5591.763675,1724.035961
5596.071659,1723.013562
5600.379644,1722.468283
5604.687628,1722.331964
5608.995612,1722.127484
5613.303597,1721.5822050000002
5617.611581,1721.0369260000002
5621.919565,1720.559807
5626.22755,1719.946368
5630.535534000001,1719.401089
5634.843518,1719.1284489999998
